苗字,名前,ロール,所属会社
佐藤,健太,スタッフ,株式会社アクセル
鈴木,美咲,スタッフ,株式会社アクセル
高橋,大輝,スタッフ,株式会社アクセル
田中,愛,スタッフ,株式会社アクセル
伊藤,翔太,スタッフ,株式会社アクセル
渡辺,さくら,スタッフ,有限会社ブリッジワーク
山本,蓮,スタッフ,有限会社ブリッジワーク
中村,ひなた,スタッフ,有限会社ブリッジワーク
小林,颯太,スタッフ,有限会社ブリッジワーク
加藤,莉子,スタッフ,有限会社ブリッジワーク
吉田,悠斗,スタッフ,株式会社クロスサポート
山田,結衣,スタッフ,株式会社クロスサポート
松本,朝陽,スタッフ,株式会社クロスサポート
井上,菜々,スタッフ,株式会社クロスサポート
木村,大和,スタッフ,株式会社クロスサポート
林,陽菜,スタッフ,パートナーズ株式会社
斉藤,湊,スタッフ,パートナーズ株式会社
清水,心春,スタッフ,パートナーズ株式会社
山口,陸,スタッフ,パートナーズ株式会社
阿部,柚希,スタッフ,パートナーズ株式会社
池田,拓海,スタッフ,東京スタッフィング株式会社
橋本,凜,スタッフ,東京スタッフィング株式会社
森,奏太,スタッフ,東京スタッフィング株式会社
石川,七海,スタッフ,東京スタッフィング株式会社
前田,悠真,スタッフ,東京スタッフィング株式会社
藤田,茉莉,スタッフ,東京スタッフィング株式会社
後藤,海斗,スタッフ,東京スタッフィング株式会社
岡田,葵,スタッフ,東京スタッフィング株式会社
長谷川,蒼,スタッフ,東京スタッフィング株式会社
近藤,ゆい,スタッフ,東京スタッフィング株式会社
